[
    {
        "pk": 1, 
        "model": "sites.site", 
        "fields": {
            "domain": "fst.lagrummet.se", 
            "name": "localhost"
        }
    }, 
    {
        "pk": 1, 
        "model": "fs_doc.fsdokument", 
        "fields": {
            "omtryck": false, 
            "arsutgava": "2011", 
            "beslutsdatum": "2011-02-17", 
            "sammanfattning": "Finansinspektionen har beslutat om nya f\u00f6reskrifter som syftar till att f\u00f6rb\u00e4ttra f\u00f6retagens hantering av risker i sina ers\u00e4ttningssystem. Genom reglerna genomf\u00f6rs de \u00e4ndringar i EU:s kreditinstitutsdirektiv som handlar om ers\u00e4ttningspolicyer och hur de ska till\u00e4mpas. De nya reglerna st\u00e4ller generella krav p\u00e5 f\u00f6retagens ers\u00e4ttningspolicyer och r\u00f6rliga ers\u00e4ttningar.\r\n\r\nF\u00f6reskrifterna inneh\u00e5ller dessutom specifika krav p\u00e5 att f\u00f6retagen ska anpassa sina ers\u00e4ttningssystem till risker, t.ex. regler om resultatbed\u00f6mning och riskjustering samt uppskjuten r\u00f6rlig ers\u00e4ttning.\r\n\r\nAlla f\u00f6retag ska skjuta upp r\u00f6rlig ers\u00e4ttning som \u00f6verstiger 100 000 kronor f\u00f6r anst\u00e4llda som v\u00e4sentligen kan p\u00e5verka f\u00f6retagets riskniv\u00e5. F\u00f6retag med riskv\u00e4gda tillg\u00e5ngar \u00f6ver 500 miljarder kronor ska dessutom betala ut en viss del av den r\u00f6rliga ers\u00e4ttningen till den verkst\u00e4llande ledningen i form av aktier eller andra instrument.\r\n\r\nKraven p\u00e5 offentligg\u00f6rande av information om ers\u00e4ttningssystem f\u00f6rs \u00f6ver till FFFS 2007:5 om offentligg\u00f6rande av information om kapitalt\u00e4ckning och riskhantering.\r\n \r\nFondbolag utan tillst\u00e5nd till diskretion\u00e4r portf\u00f6ljf\u00f6rvaltning omfattas inte av dessa f\u00f6reskrifter utan av FFFS 2011:2.", 
            "ikrafttradandedatum": "2011-03-01", 
            "amnesord": [
                3, 
                5, 
                6, 
                7
            ], 
            "utkom_fran_tryck": "2011-02-24", 
            "forfattningssamling": 1, 
            "lopnummer": "1", 
            "content_md5": "319a4bb3400f28858ed99c109045b44b", 
            "is_published": true, 
            "titel": "F\u00f6reskrifter om ers\u00e4ttningssystem i kreditinstitut, v\u00e4rdepappersbolag och fondbolag med tillst\u00e5nd f\u00f6r diskretion\u00e4r portf\u00f6ljf\u00f6rvaltning"
        }
    }, 
    {
        "pk": 2, 
        "model": "fs_doc.fsdokument", 
        "fields": {
            "omtryck": false, 
            "arsutgava": "2011", 
            "beslutsdatum": "2011-02-17", 
            "sammanfattning": "Finansinspektionen har beslutat om nya allm\u00e4nna r\u00e5d som den 1 mars 2011 ers\u00e4tter FFFS 2009:7 om ers\u00e4ttningspolicy. \r\n\r\n\r\n\u00c4ndringen inneb\u00e4r enbart att r\u00e5den \u00e4ven omfattar fondbolag som inte har tillst\u00e5nd f\u00f6r diskretion\u00e4r portf\u00f6ljf\u00f6rvaltning, och fr\u00e5n och med 1 april f\u00f6rs\u00e4kringsf\u00f6reningar. I \u00f6vrigt har inga \u00e4ndringar gjorts i de allm\u00e4nna r\u00e5den.\r\n\r\nF\u00f6retagen b\u00f6r ha en ers\u00e4ttningspolicy som \u00e4r f\u00f6renlig med god riskhantering och inte uppmuntrar till kortsiktiga vinster och \u00f6verdrivet risktagande. Regleringen ger v\u00e4gledning om hur ett f\u00f6retag b\u00f6r hantera de risker som kan uppst\u00e5 i och med r\u00f6rliga ers\u00e4ttningar.", 
            "ikrafttradandedatum": "2011-03-01", 
            "amnesord": [
                3, 
                7, 
                8
            ], 
            "utkom_fran_tryck": "2011-02-24", 
            "forfattningssamling": 1, 
            "lopnummer": "2", 
            "content_md5": "2bd8269a68d69f9fa8b6a525f33579c2", 
            "is_published": true, 
            "titel": "Finansinspektionens allma\u0308nna ra\u030ad om ersa\u0308ttningspolicy i fo\u0308rsa\u0308kringsfo\u0308retag, fondbolag, bo\u0308rser, clearingorganisationer och institut fo\u0308r utgivning av elektroniska pengar;"
        }
    }, 
    {
        "pk": 3, 
        "model": "fs_doc.fsdokument", 
        "fields": {
            "omtryck": false, 
            "arsutgava": "2007", 
            "beslutsdatum": "2007-01-22", 
            "sammanfattning": "F\u00f6retag ska enligt f\u00f6reskrifterna offentligg\u00f6ra information om kapitalt\u00e4ckning och riskhantering f\u00f6r den finansiella f\u00f6retagsgruppen, och i f\u00f6rekommande fall f\u00f6r f\u00f6retaget. FI f\u00f6reskriver om vilken information som ska offentligg\u00f6ras, n\u00e4r den ska offentligg\u00f6ras, samt p\u00e5 vilken plats och med vilka intervall informationen ska l\u00e4mnas.\r\n\r\n ", 
            "ikrafttradandedatum": "2007-02-01", 
            "amnesord": [
                3, 
                5, 
                6
            ], 
            "utkom_fran_tryck": "2007-01-29", 
            "forfattningssamling": 1, 
            "lopnummer": "5", 
            "content_md5": "cc9de14aa160cf226b0d8e072263758d", 
            "is_published": true, 
            "titel": "F\u00f6reskrifter och allm\u00e4nna r\u00e5d om offentligg\u00f6rande av information om kapitalt\u00e4ckning och riskhantering"
        }
    }, 
    {
        "pk": 4, 
        "model": "fs_doc.fsdokument", 
        "fields": {
            "omtryck": false, 
            "arsutgava": "2011", 
            "beslutsdatum": "2011-02-17", 
            "sammanfattning": "", 
            "ikrafttradandedatum": "2011-03-01", 
            "amnesord": [], 
            "utkom_fran_tryck": "2011-02-24", 
            "forfattningssamling": 1, 
            "lopnummer": "3", 
            "content_md5": "69c78c0d8244466ca804e368921efaf3", 
            "is_published": true, 
            "titel": "Fo\u0308reskrifter om a\u0308ndring i Finansinspektionens fo\u0308reskrifter och allma\u0308nna ra\u030ad (FFFS 2007:5) om offentliggo\u0308rande av information om kapitalta\u0308ckning och riskhantering;"
        }
    }, 
    {
        "pk": 5, 
        "model": "fs_doc.fsdokument", 
        "fields": {
            "omtryck": false, 
            "arsutgava": "2011", 
            "beslutsdatum": "2011-03-17", 
            "sammanfattning": "", 
            "ikrafttradandedatum": "2011-05-01", 
            "amnesord": [
                9
            ], 
            "utkom_fran_tryck": "2011-03-30", 
            "forfattningssamling": 1, 
            "lopnummer": "4", 
            "content_md5": "b33898b725ba73c1201bf0eb42c1963e", 
            "is_published": true, 
            "titel": "F\u00f6reskrifter om utl\u00e4ndska f\u00f6rs\u00e4kringsf\u00f6retags skyldighet att l\u00e4mna upplysning om solvens avseende verksamhet i Sverige"
        }
    }, 
    {
        "pk": 2, 
        "model": "fs_doc.allmannarad", 
        "fields": {
            "andringar": [], 
            "utgivare": null, 
            "amnesord": [
                3, 
                7, 
                8
            ], 
            "upphavningar": [], 
            "content": "allmanna_rad/fs1102_.pdf", 
            "konsolideringar": [], 
            "beslutad_av": null
        }
    }, 
    {
        "pk": 1, 
        "model": "fs_doc.myndighetsforeskrift", 
        "fields": {
            "andringar": [], 
            "bemyndiganden": [
                1
            ], 
            "utgivare": null, 
            "amnesord": [
                3, 
                5, 
                6, 
                7
            ], 
            "upphavningar": [], 
            "celexreferenser": [], 
            "content": "foreskrift/fs1101_.pdf", 
            "konsolideringar": [], 
            "beslutad_av": null
        }
    }, 
    {
        "pk": 3, 
        "model": "fs_doc.myndighetsforeskrift", 
        "fields": {
            "andringar": [], 
            "bemyndiganden": [
                1
            ], 
            "utgivare": null, 
            "amnesord": [
                3, 
                5, 
                6
            ], 
            "upphavningar": [], 
            "celexreferenser": [], 
            "content": "foreskrift/FFFS0705.pdf", 
            "konsolideringar": [], 
            "beslutad_av": null
        }
    }, 
    {
        "pk": 4, 
        "model": "fs_doc.myndighetsforeskrift", 
        "fields": {
            "andringar": [
                3
            ], 
            "bemyndiganden": [
                5
            ], 
            "utgivare": null, 
            "amnesord": [], 
            "upphavningar": [], 
            "celexreferenser": [], 
            "content": "foreskrift/fs1103.pdf", 
            "konsolideringar": [], 
            "beslutad_av": null
        }
    }, 
    {
        "pk": 5, 
        "model": "fs_doc.myndighetsforeskrift", 
        "fields": {
            "andringar": [], 
            "bemyndiganden": [
                4
            ], 
            "utgivare": null, 
            "amnesord": [
                9
            ], 
            "upphavningar": [], 
            "celexreferenser": [], 
            "content": "foreskrift/fs1104k.pdf", 
            "konsolideringar": [], 
            "beslutad_av": null
        }
    }, 
    {
        "pk": 1, 
        "model": "fs_doc.myndighet", 
        "fields": {
            "namn": "Exempelmyndigheten"
        }
    }, 
    {
        "pk": 1, 
        "model": "fs_doc.forfattningssamling", 
        "fields": {
            "titel": "Finansinspektionens f\u00f6rfattningsamling", 
            "kortnamn": "FFFS", 
            "slug": "fffs"
        }
    }, 
    {
        "pk": 1, 
        "model": "fs_doc.ovrigtdokument", 
        "fields": {
            "foreskrift": 1, 
            "titel": "Besluts-pm bonusregler", 
            "file": "ovrigt/besluts_pm_11-1_1.pdf", 
            "file_md5": "072ff172b7656f5f2581b0029604aeb5"
        }
    }, 
    {
        "pk": 2, 
        "model": "fs_doc.ovrigtdokument", 
        "fields": {
            "foreskrift": 5, 
            "titel": "Besluts-pm FFFS 2011:4 \u2013 FFFS 2011:36", 
            "file": "ovrigt/beslutspm_ny_frl_2011_1.pdf", 
            "file_md5": "0cee086b29f0d40f735d7abbb3277dd1"
        }
    }, 
    {
        "pk": 3, 
        "model": "fs_doc.celexreferens", 
        "fields": {
            "celexnummer": "31979L0409", 
            "titel": "R\u00e5dets direktiv 79/409/EEG av den 2 april 1979 om bevarande av vilda f\u00e5glar"
        }
    }, 
    {
        "pk": 3, 
        "model": "fs_doc.amnesord", 
        "fields": {
            "titel": "Banker", 
            "beskrivning": ""
        }
    }, 
    {
        "pk": 5, 
        "model": "fs_doc.amnesord", 
        "fields": {
            "titel": "\u00d6vriga kreditinstitut", 
            "beskrivning": ""
        }
    }, 
    {
        "pk": 6, 
        "model": "fs_doc.amnesord", 
        "fields": {
            "titel": "V\u00e4rdepappersinstitut", 
            "beskrivning": ""
        }
    }, 
    {
        "pk": 7, 
        "model": "fs_doc.amnesord", 
        "fields": {
            "titel": "Fondbolag", 
            "beskrivning": ""
        }
    }, 
    {
        "pk": 8, 
        "model": "fs_doc.amnesord", 
        "fields": {
            "titel": "B\u00f6rs och clearing", 
            "beskrivning": ""
        }
    }, 
    {
        "pk": 9, 
        "model": "fs_doc.amnesord", 
        "fields": {
            "titel": "F\u00f6rs\u00e4kringsbolag", 
            "beskrivning": ""
        }
    }, 
    {
        "pk": 10, 
        "model": "fs_doc.amnesord", 
        "fields": {
            "titel": "F\u00f6rs\u00e4kringsf\u00f6rmedlare", 
            "beskrivning": ""
        }
    }, 
    {
        "pk": 11, 
        "model": "fs_doc.amnesord", 
        "fields": {
            "titel": "Pensionsstiftelser", 
            "beskrivning": ""
        }
    }, 
    {
        "pk": 1, 
        "model": "fs_doc.konsolideradforeskrift", 
        "fields": {
            "senaste_andringsforfattning": 4, 
            "titel": "Finansinspektionens fo\u0308reskrifter och allma\u0308nna ra\u030ad om offentliggo\u0308rande av information om kapitalta\u0308ckning och riskhantering", 
            "grundforfattning": 3, 
            "content": "konsoliderad_foreskrift/fs0705k.pdf", 
            "konsolideringsdatum": "2010-12-22", 
            "content_md5": "c1926737b4896d0281673ea368e2e6ec"
        }
    }, 
    {
        "pk": 1, 
        "model": "fs_doc.bemyndigandereferens", 
        "fields": {
            "paragrafnummer": "2", 
            "sfsnummer": "2004:329", 
            "titel": "Fo\u0308rordningen om bank- och finansieringsro\u0308relse", 
            "kommentar": "", 
            "kapitelnummer": "5"
        }
    }, 
    {
        "pk": 2, 
        "model": "fs_doc.bemyndigandereferens", 
        "fields": {
            "paragrafnummer": "1", 
            "sfsnummer": "2007:572", 
            "titel": "Fo\u0308rordningen om va\u0308rdepappersmarknaden", 
            "kommentar": "", 
            "kapitelnummer": "6"
        }
    }, 
    {
        "pk": 3, 
        "model": "fs_doc.bemyndigandereferens", 
        "fields": {
            "paragrafnummer": "1", 
            "sfsnummer": "2004:75", 
            "titel": "Fo\u0308rordningen om investeringsfonder", 
            "kommentar": "", 
            "kapitelnummer": ""
        }
    }, 
    {
        "pk": 4, 
        "model": "fs_doc.bemyndigandereferens", 
        "fields": {
            "paragrafnummer": "5", 
            "sfsnummer": "2011:257", 
            "titel": "Fo\u0308rsa\u0308kringsro\u0308relsefo\u0308rordningen", 
            "kommentar": "", 
            "kapitelnummer": "7"
        }
    }, 
    {
        "pk": 5, 
        "model": "fs_doc.bemyndigandereferens", 
        "fields": {
            "paragrafnummer": "32", 
            "sfsnummer": "2006:153", 
            "titel": "Fo\u0308rordningen om kapitalta\u0308ckning och stora exponeringar", 
            "kommentar": "", 
            "kapitelnummer": "32"
        }
    }, 
    {
        "pk": 6, 
        "model": "fs_doc.bemyndigandereferens", 
        "fields": {
            "paragrafnummer": "1", 
            "sfsnummer": "2006:1371", 
            "titel": "Lagen om kapitalta\u0308ckning", 
            "kommentar": "", 
            "kapitelnummer": "13"
        }
    }, 
    {
        "pk": 1, 
        "model": "fs_doc.rdfpost", 
        "fields": {
            "md5": "39ea6be10178433de3bee88fb88f3dbc", 
            "data": "<?xml version=\"1.0\" encoding=\"utf-8\"?>\n<rdf:RDF\n  xmlns=\"http://rinfo.lagrummet.se/ns/2008/11/rinfo/publ#\"\n  xmlns:dct=\"http://purl.org/dc/terms/\"\n  xmlns:rdf=\"http://www.w3.org/1999/02/22-rdf-syntax-ns#\"\n  xmlns:dces=\"http://purl.org/dc/elements/1.1/\"\n>\n  <Myndighetsforeskrift rdf:about=\"http://rinfo.lagrummet.se/publ/fffs/2011:1\">\n    <dct:title xml:lang=\"sv\">F\u00f6reskrifter om ers\u00e4ttningssystem i kreditinstitut, v\u00e4rdepappersbolag och fondbolag med tillst\u00e5nd f\u00f6r diskretion\u00e4r portf\u00f6ljf\u00f6rvaltning</dct:title>\n    <dct:identifier>FFFS 2011:1</dct:identifier>\n    <arsutgava>2011</arsutgava>\n    <dct:publisher rdf:resource=\"http://rinfo.lagrummet.se/org/finansinspektionen\"/>\n    <utkomFranTryck rdf:datatype=\"http://www.w3.org/2001/XMLSchema#date\">2011-02-24</utkomFranTryck>\n    <lopnummer>1</lopnummer>\n    <forfattningssamling rdf:resource=\"http://rinfo.lagrummet.se/serie/fs/fffs\"/>\n    <ikrafttradandedatum rdf:datatype=\"http://www.w3.org/2001/XMLSchema#date\">2011-03-01</ikrafttradandedatum>\n    <dces:subject xml:lang=\"sv\">Banker</dces:subject>\n    <dces:subject xml:lang=\"sv\">V\u00e4rdepappersinstitut</dces:subject>\n    <dces:subject xml:lang=\"sv\">\u00d6vriga kreditinstitut</dces:subject>\n    <dces:subject xml:lang=\"sv\">Fondbolag</dces:subject>\n    <beslutsdatum rdf:datatype=\"http://www.w3.org/2001/XMLSchema#date\">2011-02-17</beslutsdatum>\n    <bemyndigande>\n      <Forfattningsreferens>\n        <angerParagrafnummer>2</angerParagrafnummer>\n        <angerGrundforfattning rdf:resource=\"http://rinfo.lagrummet.se/publ/sfs/2004:329\"/>\n        <angerKapitelnummer>5</angerKapitelnummer>\n      </Forfattningsreferens>\n    </bemyndigande>\n  </Myndighetsforeskrift>\n</rdf:RDF>\n", 
            "object_id": 1, 
            "content_type": 11, 
            "slug": "fffs/2011:1"
        }
    }, 
    {
        "pk": 3, 
        "model": "fs_doc.rdfpost", 
        "fields": {
            "md5": "4f17c041a94c0dc7dfbff1eecd696a42", 
            "data": "<?xml version=\"1.0\" encoding=\"utf-8\"?>\n<rdf:RDF\n  xmlns=\"http://rinfo.lagrummet.se/ns/2008/11/rinfo/publ#\"\n  xmlns:dct=\"http://purl.org/dc/terms/\"\n  xmlns:rdf=\"http://www.w3.org/1999/02/22-rdf-syntax-ns#\"\n  xmlns:dces=\"http://purl.org/dc/elements/1.1/\"\n>\n  <Myndighetsforeskrift rdf:about=\"http://rinfo.lagrummet.se/publ/fffs/2007:5\">\n    <bemyndigande>\n      <Forfattningsreferens>\n        <angerKapitelnummer>5</angerKapitelnummer>\n        <angerParagrafnummer>2</angerParagrafnummer>\n        <angerGrundforfattning rdf:resource=\"http://rinfo.lagrummet.se/publ/sfs/2004:329\"/>\n      </Forfattningsreferens>\n    </bemyndigande>\n    <lopnummer>5</lopnummer>\n    <dct:identifier>FFFS 2007:5</dct:identifier>\n    <beslutsdatum rdf:datatype=\"http://www.w3.org/2001/XMLSchema#date\">2007-01-22</beslutsdatum>\n    <arsutgava>2007</arsutgava>\n    <forfattningssamling rdf:resource=\"http://rinfo.lagrummet.se/serie/fs/fffs\"/>\n    <dct:publisher rdf:resource=\"http://rinfo.lagrummet.se/org/finansinspektionen\"/>\n    <dces:subject xml:lang=\"sv\">\u00d6vriga kreditinstitut</dces:subject>\n    <dces:subject xml:lang=\"sv\">V\u00e4rdepappersinstitut</dces:subject>\n    <dces:subject xml:lang=\"sv\">Banker</dces:subject>\n    <utkomFranTryck rdf:datatype=\"http://www.w3.org/2001/XMLSchema#date\">2007-01-29</utkomFranTryck>\n    <ikrafttradandedatum rdf:datatype=\"http://www.w3.org/2001/XMLSchema#date\">2007-02-01</ikrafttradandedatum>\n    <dct:title xml:lang=\"sv\">F\u00f6reskrifter och allm\u00e4nna r\u00e5d om offentligg\u00f6rande av information om kapitalt\u00e4ckning och riskhantering</dct:title>\n  </Myndighetsforeskrift>\n</rdf:RDF>\n", 
            "object_id": 3, 
            "content_type": 11, 
            "slug": "fffs/2007:5"
        }
    }, 
    {
        "pk": 4, 
        "model": "fs_doc.rdfpost", 
        "fields": {
            "md5": "d6e3846f7b0793474611bc6a8129934b", 
            "data": "<?xml version=\"1.0\" encoding=\"utf-8\"?>\n<rdf:RDF\n  xmlns=\"http://rinfo.lagrummet.se/ns/2008/11/rinfo/publ#\"\n  xmlns:dct=\"http://purl.org/dc/terms/\"\n  xmlns:rdf=\"http://www.w3.org/1999/02/22-rdf-syntax-ns#\"\n>\n  <KonsolideradGrundforfattning rdf:about=\"http://rinfo.lagrummet.se/publ/fffs/2007:5/konsolidering/2010-12-22\">\n    <dct:issued rdf:datatype=\"http://www.w3.org/2001/XMLSchema#date\">2010-12-22</dct:issued>\n    <dct:publisher rdf:resource=\"http://rinfo.lagrummet.se/org/finansinspektionen\"/>\n    <konsolideringsunderlag rdf:resource=\"http://rinfo.lagrummet.se/publ/fffs/2007:5\"/>\n    <konsoliderar rdf:resource=\"http://rinfo.lagrummet.se/publ/fffs/2007:5\"/>\n    <dct:title xml:lang=\"sv\">Finansinspektionens fo\u0308reskrifter och allma\u0308nna ra\u030ad om offentliggo\u0308rande av information om kapitalta\u0308ckning och riskhantering</dct:title>\n    <dct:identifier>FFFS 2007:5 i lydelse enligt 2010-12-22</dct:identifier>\n  </KonsolideradGrundforfattning>\n</rdf:RDF>\n", 
            "object_id": 1, 
            "content_type": 21, 
            "slug": "fffs/2007:5/konsolidering/2010-12-22"
        }
    }, 
    {
        "pk": 5, 
        "model": "fs_doc.rdfpost", 
        "fields": {
            "md5": "19adb336c78d2e7151031312b29ed243", 
            "data": "<?xml version=\"1.0\" encoding=\"utf-8\"?>\n<rdf:RDF\n  xmlns=\"http://rinfo.lagrummet.se/ns/2008/11/rinfo/publ#\"\n  xmlns:dct=\"http://purl.org/dc/terms/\"\n  xmlns:rdf=\"http://www.w3.org/1999/02/22-rdf-syntax-ns#\"\n  xmlns:dces=\"http://purl.org/dc/elements/1.1/\"\n>\n  <AllmannaRad rdf:about=\"http://rinfo.lagrummet.se/publ/exfs/2011:1\">\n    <dct:publisher rdf:resource=\"http://rinfo.lagrummet.se/org/egenmyndigheten\"/>\n    <lopnummer>1</lopnummer>\n    <ikrafttradandedatum rdf:datatype=\"http://www.w3.org/2001/XMLSchema#date\">2011-06-04</ikrafttradandedatum>\n    <utkomFranTryck rdf:datatype=\"http://www.w3.org/2001/XMLSchema#date\">2011-05-20</utkomFranTryck>\n    <forfattningssamling rdf:resource=\"http://rinfo.lagrummet.se/serier/fs/exfs\"/>\n    <dces:subject xml:lang=\"sv\">Centralisering</dces:subject>\n    <dces:subject xml:lang=\"sv\">Administration</dces:subject>\n    <dct:identifier>EXFS 2011:1</dct:identifier>\n    <dct:title xml:lang=\"sv\">Exempelmyndighetens allm\u00e4nna r\u00e5d om adminstration</dct:title>\n    <arsutgava>2011</arsutgava>\n    <beslutsdatum rdf:datatype=\"http://www.w3.org/2001/XMLSchema#date\">2011-05-01</beslutsdatum>\n  </AllmannaRad>\n</rdf:RDF>\n", 
            "object_id": 4, 
            "content_type": 10, 
            "slug": "exfs/2011:1"
        }
    }, 
    {
        "pk": 6, 
        "model": "fs_doc.rdfpost", 
        "fields": {
            "md5": "2a391f0f67f6e4dd385a9a2e0d6dbe0e", 
            "data": "<?xml version=\"1.0\" encoding=\"utf-8\"?>\n<rdf:RDF\n  xmlns=\"http://rinfo.lagrummet.se/ns/2008/11/rinfo/publ#\"\n  xmlns:dct=\"http://purl.org/dc/terms/\"\n  xmlns:rdf=\"http://www.w3.org/1999/02/22-rdf-syntax-ns#\"\n  xmlns:dces=\"http://purl.org/dc/elements/1.1/\"\n>\n  <AllmannaRad rdf:about=\"http://rinfo.lagrummet.se/publ/fffs/2011:2\">\n    <forfattningssamling rdf:resource=\"http://rinfo.lagrummet.se/serie/fs/fffs\"/>\n    <dces:subject xml:lang=\"sv\">Fondbolag</dces:subject>\n    <dces:subject xml:lang=\"sv\">B\u00f6rs och clearing</dces:subject>\n    <dces:subject xml:lang=\"sv\">Banker</dces:subject>\n    <ikrafttradandedatum rdf:datatype=\"http://www.w3.org/2001/XMLSchema#date\">2011-03-01</ikrafttradandedatum>\n    <dct:publisher rdf:resource=\"http://rinfo.lagrummet.se/org/finansinspektionen\"/>\n    <utkomFranTryck rdf:datatype=\"http://www.w3.org/2001/XMLSchema#date\">2011-02-24</utkomFranTryck>\n    <arsutgava>2011</arsutgava>\n    <dct:title xml:lang=\"sv\">Finansinspektionens allma\u0308nna ra\u030ad om ersa\u0308ttningspolicy i fo\u0308rsa\u0308kringsfo\u0308retag, fondbolag, bo\u0308rser, clearingorganisationer och institut fo\u0308r utgivning av elektroniska pengar;</dct:title>\n    <dct:identifier>FFFS 2011:2</dct:identifier>\n    <lopnummer>2</lopnummer>\n    <beslutsdatum rdf:datatype=\"http://www.w3.org/2001/XMLSchema#date\">2011-02-17</beslutsdatum>\n  </AllmannaRad>\n</rdf:RDF>\n", 
            "object_id": 2, 
            "content_type": 10, 
            "slug": "fffs/2011:2"
        }
    }, 
    {
        "pk": 7, 
        "model": "fs_doc.rdfpost", 
        "fields": {
            "md5": "dff6445af542fcd4b48f1cc125e1a8db", 
            "data": "<?xml version=\"1.0\" encoding=\"utf-8\"?>\n<rdf:RDF\n  xmlns=\"http://rinfo.lagrummet.se/ns/2008/11/rinfo/publ#\"\n  xmlns:dct=\"http://purl.org/dc/terms/\"\n  xmlns:rdf=\"http://www.w3.org/1999/02/22-rdf-syntax-ns#\"\n>\n  <Myndighetsforeskrift rdf:about=\"http://rinfo.lagrummet.se/publ/fffs/2011:3\">\n    <dct:publisher rdf:resource=\"http://rinfo.lagrummet.se/org/finansinspektionen\"/>\n    <utkomFranTryck rdf:datatype=\"http://www.w3.org/2001/XMLSchema#date\">2011-02-24</utkomFranTryck>\n    <lopnummer>3</lopnummer>\n    <beslutsdatum rdf:datatype=\"http://www.w3.org/2001/XMLSchema#date\">2011-02-17</beslutsdatum>\n    <andrar rdf:resource=\"http://rinfo.lagrummet.se/publ/fffs/2007:5\"/>\n    <arsutgava>2011</arsutgava>\n    <dct:identifier>FFFS 2011:3</dct:identifier>\n    <bemyndigande>\n      <Forfattningsreferens>\n        <angerParagrafnummer>32</angerParagrafnummer>\n        <angerGrundforfattning rdf:resource=\"http://rinfo.lagrummet.se/publ/sfs/2006:153\"/>\n        <angerKapitelnummer>32</angerKapitelnummer>\n      </Forfattningsreferens>\n    </bemyndigande>\n    <ikrafttradandedatum rdf:datatype=\"http://www.w3.org/2001/XMLSchema#date\">2011-03-01</ikrafttradandedatum>\n    <forfattningssamling rdf:resource=\"http://rinfo.lagrummet.se/serie/fs/fffs\"/>\n    <dct:title xml:lang=\"sv\">Fo\u0308reskrifter om a\u0308ndring i Finansinspektionens fo\u0308reskrifter och allma\u0308nna ra\u030ad (FFFS 2007:5) om offentliggo\u0308rande av information om kapitalta\u0308ckning och riskhantering;</dct:title>\n  </Myndighetsforeskrift>\n</rdf:RDF>\n", 
            "object_id": 4, 
            "content_type": 11, 
            "slug": "fffs/2011:3"
        }
    }, 
    {
        "pk": 8, 
        "model": "fs_doc.rdfpost", 
        "fields": {
            "md5": "078e4b4d95a33a06a6c995c84db57f09", 
            "data": "<?xml version=\"1.0\" encoding=\"utf-8\"?>\n<rdf:RDF\n  xmlns:foaf=\"http://xmlns.com/foaf/0.1/\"\n  xmlns=\"http://rinfo.lagrummet.se/ns/2008/11/rinfo/publ#\"\n  xmlns:dct=\"http://purl.org/dc/terms/\"\n  xmlns:rdf=\"http://www.w3.org/1999/02/22-rdf-syntax-ns#\"\n  xmlns:dces=\"http://purl.org/dc/elements/1.1/\"\n>\n  <foaf:Document rdf:about=\"http://rinfo.lagrummet.se/publ/fffs/2011:4/dokument/ovrigt/beslutspm_ny_frl_2011_1.pdf\">\n    <foaf:primaryTopic>\n      <Myndighetsforeskrift rdf:about=\"http://rinfo.lagrummet.se/publ/fffs/2011:4\">\n        <utkomFranTryck rdf:datatype=\"http://www.w3.org/2001/XMLSchema#date\">2011-03-30</utkomFranTryck>\n        <dct:publisher rdf:resource=\"http://rinfo.lagrummet.se/org/finansinspektionen\"/>\n        <arsutgava>2011</arsutgava>\n        <beslutsdatum rdf:datatype=\"http://www.w3.org/2001/XMLSchema#date\">2011-03-17</beslutsdatum>\n        <dces:subject xml:lang=\"sv\">F\u00f6rs\u00e4kringsbolag</dces:subject>\n        <dct:identifier>FFFS 2011:4</dct:identifier>\n        <lopnummer>4</lopnummer>\n        <bemyndigande>\n          <Forfattningsreferens>\n            <angerKapitelnummer>7</angerKapitelnummer>\n            <angerParagrafnummer>5</angerParagrafnummer>\n            <angerGrundforfattning rdf:resource=\"http://rinfo.lagrummet.se/publ/sfs/2011:257\"/>\n          </Forfattningsreferens>\n        </bemyndigande>\n        <ikrafttradandedatum rdf:datatype=\"http://www.w3.org/2001/XMLSchema#date\">2011-05-01</ikrafttradandedatum>\n        <dct:title xml:lang=\"sv\">F\u00f6reskrifter om utl\u00e4ndska f\u00f6rs\u00e4kringsf\u00f6retags skyldighet att l\u00e4mna upplysning om solvens avseende verksamhet i Sverige</dct:title>\n        <forfattningssamling rdf:resource=\"http://rinfo.lagrummet.se/serie/fs/fffs\"/>\n      </Myndighetsforeskrift>\n    </foaf:primaryTopic>\n    <dct:title xml:lang=\"sv\">Besluts-pm FFFS 2011:4 \u2013 FFFS 2011:36</dct:title>\n  </foaf:Document>\n</rdf:RDF>\n", 
            "object_id": 5, 
            "content_type": 11, 
            "slug": "fffs/2011:4"
        }
    }, 
    {
        "pk": 22, 
        "model": "auth.permission", 
        "fields": {
            "codename": "add_logentry", 
            "name": "Can add log entry", 
            "content_type": 8
        }
    }, 
    {
        "pk": 23, 
        "model": "auth.permission", 
        "fields": {
            "codename": "change_logentry", 
            "name": "Can change log entry", 
            "content_type": 8
        }
    }, 
    {
        "pk": 24, 
        "model": "auth.permission", 
        "fields": {
            "codename": "delete_logentry", 
            "name": "Can delete log entry", 
            "content_type": 8
        }
    }, 
    {
        "pk": 4, 
        "model": "auth.permission", 
        "fields": {
            "codename": "add_group", 
            "name": "Can add group", 
            "content_type": 2
        }
    }, 
    {
        "pk": 5, 
        "model": "auth.permission", 
        "fields": {
            "codename": "change_group", 
            "name": "Can change group", 
            "content_type": 2
        }
    }, 
    {
        "pk": 6, 
        "model": "auth.permission", 
        "fields": {
            "codename": "delete_group", 
            "name": "Can delete group", 
            "content_type": 2
        }
    }, 
    {
        "pk": 10, 
        "model": "auth.permission", 
        "fields": {
            "codename": "add_message", 
            "name": "Can add message", 
            "content_type": 4
        }
    }, 
    {
        "pk": 11, 
        "model": "auth.permission", 
        "fields": {
            "codename": "change_message", 
            "name": "Can change message", 
            "content_type": 4
        }
    }, 
    {
        "pk": 12, 
        "model": "auth.permission", 
        "fields": {
            "codename": "delete_message", 
            "name": "Can delete message", 
            "content_type": 4
        }
    }, 
    {
        "pk": 1, 
        "model": "auth.permission", 
        "fields": {
            "codename": "add_permission", 
            "name": "Can add permission", 
            "content_type": 1
        }
    }, 
    {
        "pk": 2, 
        "model": "auth.permission", 
        "fields": {
            "codename": "change_permission", 
            "name": "Can change permission", 
            "content_type": 1
        }
    }, 
    {
        "pk": 3, 
        "model": "auth.permission", 
        "fields": {
            "codename": "delete_permission", 
            "name": "Can delete permission", 
            "content_type": 1
        }
    }, 
    {
        "pk": 7, 
        "model": "auth.permission", 
        "fields": {
            "codename": "add_user", 
            "name": "Can add user", 
            "content_type": 3
        }
    }, 
    {
        "pk": 8, 
        "model": "auth.permission", 
        "fields": {
            "codename": "change_user", 
            "name": "Can change user", 
            "content_type": 3
        }
    }, 
    {
        "pk": 9, 
        "model": "auth.permission", 
        "fields": {
            "codename": "delete_user", 
            "name": "Can delete user", 
            "content_type": 3
        }
    }, 
    {
        "pk": 13, 
        "model": "auth.permission", 
        "fields": {
            "codename": "add_contenttype", 
            "name": "Can add content type", 
            "content_type": 5
        }
    }, 
    {
        "pk": 14, 
        "model": "auth.permission", 
        "fields": {
            "codename": "change_contenttype", 
            "name": "Can change content type", 
            "content_type": 5
        }
    }, 
    {
        "pk": 15, 
        "model": "auth.permission", 
        "fields": {
            "codename": "delete_contenttype", 
            "name": "Can delete content type", 
            "content_type": 5
        }
    }, 
    {
        "pk": 28, 
        "model": "auth.permission", 
        "fields": {
            "codename": "add_allmannarad", 
            "name": "Can add allm\u00e4nna r\u00e5d", 
            "content_type": 10
        }
    }, 
    {
        "pk": 29, 
        "model": "auth.permission", 
        "fields": {
            "codename": "change_allmannarad", 
            "name": "Can change allm\u00e4nna r\u00e5d", 
            "content_type": 10
        }
    }, 
    {
        "pk": 30, 
        "model": "auth.permission", 
        "fields": {
            "codename": "delete_allmannarad", 
            "name": "Can delete allm\u00e4nna r\u00e5d", 
            "content_type": 10
        }
    }, 
    {
        "pk": 49, 
        "model": "auth.permission", 
        "fields": {
            "codename": "add_amnesord", 
            "name": "Can add \u00e4mnesord", 
            "content_type": 17
        }
    }, 
    {
        "pk": 50, 
        "model": "auth.permission", 
        "fields": {
            "codename": "change_amnesord", 
            "name": "Can change \u00e4mnesord", 
            "content_type": 17
        }
    }, 
    {
        "pk": 51, 
        "model": "auth.permission", 
        "fields": {
            "codename": "delete_amnesord", 
            "name": "Can delete \u00e4mnesord", 
            "content_type": 17
        }
    }, 
    {
        "pk": 52, 
        "model": "auth.permission", 
        "fields": {
            "codename": "add_andringar_fsdokument", 
            "name": "Can add andringar_fsdokument", 
            "content_type": 18
        }
    }, 
    {
        "pk": 53, 
        "model": "auth.permission", 
        "fields": {
            "codename": "change_andringar_fsdokument", 
            "name": "Can change andringar_fsdokument", 
            "content_type": 18
        }
    }, 
    {
        "pk": 54, 
        "model": "auth.permission", 
        "fields": {
            "codename": "delete_andringar_fsdokument", 
            "name": "Can delete andringar_fsdokument", 
            "content_type": 18
        }
    }, 
    {
        "pk": 70, 
        "model": "auth.permission", 
        "fields": {
            "codename": "add_atomentry", 
            "name": "Can add atom entry", 
            "content_type": 24
        }
    }, 
    {
        "pk": 71, 
        "model": "auth.permission", 
        "fields": {
            "codename": "change_atomentry", 
            "name": "Can change atom entry", 
            "content_type": 24
        }
    }, 
    {
        "pk": 72, 
        "model": "auth.permission", 
        "fields": {
            "codename": "delete_atomentry", 
            "name": "Can delete atom entry", 
            "content_type": 24
        }
    }, 
    {
        "pk": 64, 
        "model": "auth.permission", 
        "fields": {
            "codename": "add_bemyndigandereferens", 
            "name": "Can add bemyndigandereferens", 
            "content_type": 22
        }
    }, 
    {
        "pk": 65, 
        "model": "auth.permission", 
        "fields": {
            "codename": "change_bemyndigandereferens", 
            "name": "Can change bemyndigandereferens", 
            "content_type": 22
        }
    }, 
    {
        "pk": 66, 
        "model": "auth.permission", 
        "fields": {
            "codename": "delete_bemyndigandereferens", 
            "name": "Can delete bemyndigandereferens", 
            "content_type": 22
        }
    }, 
    {
        "pk": 40, 
        "model": "auth.permission", 
        "fields": {
            "codename": "add_bilaga", 
            "name": "Can add bilaga", 
            "content_type": 14
        }
    }, 
    {
        "pk": 41, 
        "model": "auth.permission", 
        "fields": {
            "codename": "change_bilaga", 
            "name": "Can change bilaga", 
            "content_type": 14
        }
    }, 
    {
        "pk": 42, 
        "model": "auth.permission", 
        "fields": {
            "codename": "delete_bilaga", 
            "name": "Can delete bilaga", 
            "content_type": 14
        }
    }, 
    {
        "pk": 46, 
        "model": "auth.permission", 
        "fields": {
            "codename": "add_celexreferens", 
            "name": "Can add EG-r\u00e4ttsreferens", 
            "content_type": 16
        }
    }, 
    {
        "pk": 47, 
        "model": "auth.permission", 
        "fields": {
            "codename": "change_celexreferens", 
            "name": "Can change EG-r\u00e4ttsreferens", 
            "content_type": 16
        }
    }, 
    {
        "pk": 48, 
        "model": "auth.permission", 
        "fields": {
            "codename": "delete_celexreferens", 
            "name": "Can delete EG-r\u00e4ttsreferens", 
            "content_type": 16
        }
    }, 
    {
        "pk": 37, 
        "model": "auth.permission", 
        "fields": {
            "codename": "add_forfattningssamling", 
            "name": "Can add f\u00f6rfattningssamling", 
            "content_type": 13
        }
    }, 
    {
        "pk": 38, 
        "model": "auth.permission", 
        "fields": {
            "codename": "change_forfattningssamling", 
            "name": "Can change f\u00f6rfattningssamling", 
            "content_type": 13
        }
    }, 
    {
        "pk": 39, 
        "model": "auth.permission", 
        "fields": {
            "codename": "delete_forfattningssamling", 
            "name": "Can delete f\u00f6rfattningssamling", 
            "content_type": 13
        }
    }, 
    {
        "pk": 25, 
        "model": "auth.permission", 
        "fields": {
            "codename": "add_fsdokument", 
            "name": "Can add fs dokument", 
            "content_type": 9
        }
    }, 
    {
        "pk": 26, 
        "model": "auth.permission", 
        "fields": {
            "codename": "change_fsdokument", 
            "name": "Can change fs dokument", 
            "content_type": 9
        }
    }, 
    {
        "pk": 27, 
        "model": "auth.permission", 
        "fields": {
            "codename": "delete_fsdokument", 
            "name": "Can delete fs dokument", 
            "content_type": 9
        }
    }, 
    {
        "pk": 61, 
        "model": "auth.permission", 
        "fields": {
            "codename": "add_konsolideradforeskrift", 
            "name": "Can add konsoliderad f\u00f6reskrift", 
            "content_type": 21
        }
    }, 
    {
        "pk": 62, 
        "model": "auth.permission", 
        "fields": {
            "codename": "change_konsolideradforeskrift", 
            "name": "Can change konsoliderad f\u00f6reskrift", 
            "content_type": 21
        }
    }, 
    {
        "pk": 63, 
        "model": "auth.permission", 
        "fields": {
            "codename": "delete_konsolideradforeskrift", 
            "name": "Can delete konsoliderad f\u00f6reskrift", 
            "content_type": 21
        }
    }, 
    {
        "pk": 58, 
        "model": "auth.permission", 
        "fields": {
            "codename": "add_konsolideringar_foreskrift", 
            "name": "Can add konsolideringar_foreskrift", 
            "content_type": 20
        }
    }, 
    {
        "pk": 59, 
        "model": "auth.permission", 
        "fields": {
            "codename": "change_konsolideringar_foreskrift", 
            "name": "Can change konsolideringar_foreskrift", 
            "content_type": 20
        }
    }, 
    {
        "pk": 60, 
        "model": "auth.permission", 
        "fields": {
            "codename": "delete_konsolideringar_foreskrift", 
            "name": "Can delete konsolideringar_foreskrift", 
            "content_type": 20
        }
    }, 
    {
        "pk": 34, 
        "model": "auth.permission", 
        "fields": {
            "codename": "add_myndighet", 
            "name": "Can add myndighet", 
            "content_type": 12
        }
    }, 
    {
        "pk": 35, 
        "model": "auth.permission", 
        "fields": {
            "codename": "change_myndighet", 
            "name": "Can change myndighet", 
            "content_type": 12
        }
    }, 
    {
        "pk": 36, 
        "model": "auth.permission", 
        "fields": {
            "codename": "delete_myndighet", 
            "name": "Can delete myndighet", 
            "content_type": 12
        }
    }, 
    {
        "pk": 31, 
        "model": "auth.permission", 
        "fields": {
            "codename": "add_myndighetsforeskrift", 
            "name": "Can add myndighetsf\u00f6reskrift", 
            "content_type": 11
        }
    }, 
    {
        "pk": 32, 
        "model": "auth.permission", 
        "fields": {
            "codename": "change_myndighetsforeskrift", 
            "name": "Can change myndighetsf\u00f6reskrift", 
            "content_type": 11
        }
    }, 
    {
        "pk": 33, 
        "model": "auth.permission", 
        "fields": {
            "codename": "delete_myndighetsforeskrift", 
            "name": "Can delete myndighetsf\u00f6reskrift", 
            "content_type": 11
        }
    }, 
    {
        "pk": 43, 
        "model": "auth.permission", 
        "fields": {
            "codename": "add_ovrigtdokument", 
            "name": "Can add \u00f6vrigt dokument", 
            "content_type": 15
        }
    }, 
    {
        "pk": 44, 
        "model": "auth.permission", 
        "fields": {
            "codename": "change_ovrigtdokument", 
            "name": "Can change \u00f6vrigt dokument", 
            "content_type": 15
        }
    }, 
    {
        "pk": 45, 
        "model": "auth.permission", 
        "fields": {
            "codename": "delete_ovrigtdokument", 
            "name": "Can delete \u00f6vrigt dokument", 
            "content_type": 15
        }
    }, 
    {
        "pk": 67, 
        "model": "auth.permission", 
        "fields": {
            "codename": "add_rdfpost", 
            "name": "Can add rdf post", 
            "content_type": 23
        }
    }, 
    {
        "pk": 68, 
        "model": "auth.permission", 
        "fields": {
            "codename": "change_rdfpost", 
            "name": "Can change rdf post", 
            "content_type": 23
        }
    }, 
    {
        "pk": 69, 
        "model": "auth.permission", 
        "fields": {
            "codename": "delete_rdfpost", 
            "name": "Can delete rdf post", 
            "content_type": 23
        }
    }, 
    {
        "pk": 55, 
        "model": "auth.permission", 
        "fields": {
            "codename": "add_upphavningar_fsdokument", 
            "name": "Can add upphavningar_fsdokument", 
            "content_type": 19
        }
    }, 
    {
        "pk": 56, 
        "model": "auth.permission", 
        "fields": {
            "codename": "change_upphavningar_fsdokument", 
            "name": "Can change upphavningar_fsdokument", 
            "content_type": 19
        }
    }, 
    {
        "pk": 57, 
        "model": "auth.permission", 
        "fields": {
            "codename": "delete_upphavningar_fsdokument", 
            "name": "Can delete upphavningar_fsdokument", 
            "content_type": 19
        }
    }, 
    {
        "pk": 16, 
        "model": "auth.permission", 
        "fields": {
            "codename": "add_session", 
            "name": "Can add session", 
            "content_type": 6
        }
    }, 
    {
        "pk": 17, 
        "model": "auth.permission", 
        "fields": {
            "codename": "change_session", 
            "name": "Can change session", 
            "content_type": 6
        }
    }, 
    {
        "pk": 18, 
        "model": "auth.permission", 
        "fields": {
            "codename": "delete_session", 
            "name": "Can delete session", 
            "content_type": 6
        }
    }, 
    {
        "pk": 19, 
        "model": "auth.permission", 
        "fields": {
            "codename": "add_site", 
            "name": "Can add site", 
            "content_type": 7
        }
    }, 
    {
        "pk": 20, 
        "model": "auth.permission", 
        "fields": {
            "codename": "change_site", 
            "name": "Can change site", 
            "content_type": 7
        }
    }, 
    {
        "pk": 21, 
        "model": "auth.permission", 
        "fields": {
            "codename": "delete_site", 
            "name": "Can delete site", 
            "content_type": 7
        }
    }, 
    {
        "pk": 1, 
        "model": "auth.user", 
        "fields": {
            "username": "admin", 
            "first_name": "", 
            "last_name": "", 
            "is_active": true, 
            "is_superuser": true, 
            "is_staff": true, 
            "last_login": "2011-06-09 05:38:31", 
            "groups": [], 
            "user_permissions": [], 
            "password": "sha1$39f51$e5178f1fede34dd27cd0879b42dac3ae6c7bbbe5", 
            "email": "admin@exempelmyndigheten.se", 
            "date_joined": "2011-05-30 17:26:05"
        }
    }, 
    {
        "pk": 2, 
        "model": "auth.user", 
        "fields": {
            "username": "editor", 
            "first_name": "", 
            "last_name": "", 
            "is_active": true, 
            "is_superuser": false, 
            "is_staff": true, 
            "last_login": "2011-06-09 05:28:33", 
            "groups": [], 
            "user_permissions": [
                28, 
                29, 
                30, 
                64, 
                65, 
                66, 
                46, 
                47, 
                48, 
                61, 
                62, 
                63, 
                31, 
                32, 
                33
            ], 
            "password": "sha1$9046c$21628ba18bd3a33bdfbb6f6611f16bf12e72e6cc", 
            "email": "", 
            "date_joined": "2011-05-30 17:30:07"
        }
    }
]